txt,label
"Stocks rally as market optimism grows","Business"
"Scientists discover new exoplanet","Science"
"Local team wins state championship","Sports"
"Government announces new tax reforms","Politics"
"Celebrity couple announces breakup","Entertainment"
"Severe weather warnings issued for the weekend","Weather"
"New tech startup raises millions in funding","Technology"
"Health officials report new disease outbreak","Health"
"Historic building to be renovated","Local"
"International summit focuses on climate change","World"
"Art exhibition opens downtown","Culture"
"New species of fish discovered in the Amazon","Science"
"High school to implement new curriculum","Education"
"Economy shows signs of recovery","Business"
"Film festival announces lineup","Entertainment"
"City council passes new zoning laws","Local"
"Sports league expands to new cities","Sports"
"Healthcare workers protest for better conditions","Health"
"Tech giants release joint statement on privacy","Technology"
"New law aims to improve public transportation","Politics"
"Famous author releases new book","Culture"
"Firefighters contain forest fire","Local"
"New vaccine shows promising results","Health"
"Electric cars gain popularity worldwide","Technology"
"Government funds new space exploration program","Science"
"National park sees record number of visitors","Travel"
"Fashion week showcases latest trends","Entertainment"
"Local farmers market sees increased attendance","Local"
"City unveils new public art project","Culture"
"Economists predict economic downturn","Business"
"Sports tournament draws international attention","Sports"
"School district receives grant for new programs","Education"
"Environmentalists campaign for conservation efforts","World"
"Weather forecast predicts sunny week ahead","Weather"
"City marathon raises funds for charity","Sports"
"New restaurant opens downtown","Local"
"Researchers study effects of pollution on wildlife","Science"
"Political debate heats up ahead of election","Politics"
"Music festival attracts large crowds","Entertainment"
"Startup develops innovative healthcare solution","Technology"
"Doctors advise on healthy lifestyle choices","Health"
"Local library hosts community events","Local"
"Scientists work on renewable energy solutions","Science"
"New educational app gains popularity","Technology"
"Election results spark nationwide protests","Politics"
"Art gallery features emerging artists","Culture"
"International trade talks reach agreement","World"
"Fitness trend takes over social media","Health"
"Construction of new bridge begins","Local"
"Travel industry rebounds post-pandemic","Travel"